OBJECTID;COUNTRY;NAME;N_TURBINES;POWER_MW;STATUS;YEAR;COAST_DIST_M;NOTES
597;Belgium;Belwind Alstom Haliade Demonstration;1;6;Production;2013;43900,77701; 
598;Belgium;Belwind I;55;165;Production;2010;43617,79323; 
599;Belgium;Thorntonbank Part 1;6;30,45;Production;2008;26229,41122; 
600;Belgium;Thorntonbank Part 2;30;184,5;Production;2013;26856,87531; 
601;Belgium;Thorntonbank Part 3;18;110,7;Production;2013;27111,35891; 
602;Denmark;Bochers Banke;;1102,5;Planned;;17145,55062; 
603;Denmark;Bornholm Bassin Ost;;1500;Planned;;41357,16176; 
604;Denmark;Bornholm Bassin Syd;;1500;Planned;;52608,85867; 
605;Denmark;Femern;;400;Planned;;1762,153578; 
606;Denmark;Femern Bugt;;300;Planned;;10406,50282; 
607;Denmark;Frederikshavn Nord;;500;Planned;;5195,75953; 
608;Denmark;Freya;;1500;Planned;;60389,95911; 
609;Denmark;Gilleleje;;210;Planned;;6142,347249; 
610;Denmark;Gjerrild Bugt;;400;Planned;;9734,381239; 
611;Denmark;Grena;;315;Planned;;9862,080525; 
612;Denmark;Guldborgsund;;500;Planned;;8306,535564; 
613;Denmark;Guldborgsund Syd;;500;Planned;;3520,970994; 
614;Denmark;Hanstholm Syd;;500;Planned;;15722,17106; 
615;Denmark;Hirtshals Havn Offshore;;350;Planned;;4444,277108; 
616;Denmark;Hirtshals Havn Syd;;500;Planned;;7209,973165; 
617;Denmark;Jyske Banke Nord;;1050;Planned;;54148,66914; 
618;Denmark;Klintebjerg;;585;Planned;;12164,91089; 
619;Denmark;Laeso;;540;Planned;;12084,02427; 
620;Denmark;Lillebælt-Syd (Lillegrund);;160;Planned;;8396,573136; 
621;Denmark;Lolland;;253;Planned;;20502,86457; 
622;Denmark;Lolland Syd;;260;Planned;;5702,088481; 
623;Denmark;Lysegrund;;550;Planned;;10304,95553; 
624;Denmark;Norddjurs;;650;Planned;;18177,95313; 
625;Denmark;Odin (DK);;2250;Planned;;130406,8978; 
626;Denmark;Romo;;500;Planned;;11281,93967; 
627;Denmark;Rønland;4;8;Production;2003;476,3378314; 
628;Denmark;Rønland;4;9,2;Production;2003;476,3378314; 
629;Denmark;Samso;9;20,7;Production;2003;5333,283238; 
630;Denmark;Samso;1;2,3;Dismantled;2018;5333,283238;2018
631;Denmark;Samso;1;2,3;Production;2018;5333,283238; 
632;Denmark;Sonderbjerg;;285;Planned;;7410,848109; 
633;Denmark;Stevns Nord;;350;Planned;;5186,762357; 
634;Denmark;Stokkebro;;210;Planned;;23265,80119; 
635;Denmark;Thybo;;4000;Planned;;115086,0186; 
636;Denmark;Thybo II;;1760;Planned;;45544,13602; 
637;Denmark;Tuno Knob;10;5;Production;1995;2972,107587; 
638;Denmark;Vigso Bay;;450;Planned;;5189,609834; 
639;Denmark;Vikinge Banke;;1140;Planned;;173112,9498; 
640;Denmark;Vindeby-Lolland;11;4,95;Dismantled;1991;1676,312857;2017
641;Estonia;Area 1 - Eesti Energia;;1005;Planned;;12277,07761; 
642;Estonia;Area 2 - Eesti Energia;;1005;Planned;;13651,72717; 
643;Estonia;ELWIND;;1000;Planned;;10812,7116; 
644;Estonia;European Energy Estonia OÜ;;1000;Planned;;36846,35369; 
645;Estonia;Liivi Iaht;;960;Planned;;13628,2809; 
646;Estonia;Loode-Eesti Meretuulepark;200;1100;Planned;;8027,171153; 
647;Estonia;Nasva Offshore;;;Planned;;984,0870188; 
648;Estonia;Neugrund;38;234;Planned;;8226,240285; 
649;Estonia;Roheline Elekter;;;Planned;;15599,33216; 
650;Estonia;Ruhnu 1;;1000;Planned;;21355,62699; 
651;Estonia;Ruhnu 2;;1000;Planned;;20417,54488; 
652;Estonia;RWE Area 23;;2120;Planned;;38835,8673; 
653;Estonia;Saare;100;600;Planned;;17436,67701; 
654;Estonia;Saare Liivi 1;;1200;Planned;;23043,67636; 
655;Estonia;Saare Liivi 2;;1200;Planned;;19551,2175; 
656;Estonia;Saare Liivi 3;;1200;Planned;;18002,21338; 
657;Estonia;Saare Liivi 4;;1200;Planned;;22587,6116; 
658;Estonia;Sõrve;;1200;Planned;;17087,59829; 
659;Estonia;Sõrve 2;;1200;Planned;;15059,82755; 
660;Estonia;Sunly SW1;;84;Planned;;19392,69232; 
661;Estonia;Sunly SW10;;72;Planned;;25851,33145; 
662;Estonia;Sunly SW11;;108;Planned;;27920,97541; 
663;Estonia;Sunly SW12;;72;Planned;;23116,20209; 
664;Estonia;Sunly SW13;;72;Planned;;23116,20209; 
665;Estonia;Sunly SW2;;114;Planned;;15080,9391; 
666;Estonia;Sunly SW3;;144;Planned;;15706,99356; 
667;Estonia;Sunly SW4;;132;Planned;;11615,19806; 
668;Estonia;Sunly SW5;;84;Planned;;11157,10637; 
669;Estonia;Sunly SW6;;492;Planned;;13029,02031; 
670;Estonia;Sunly SW7;;252;Planned;;20115,39812; 
671;Estonia;Sunly SW8;;120;Planned;;25473,22234; 
672;Estonia;Sunly SW9;;120;Planned;;32967,48894; 
673;Estonia;Tuuletraal;;1050;Planned;;31280,16435; 
674;Finland;Ajos 1;1;3;Dismantled;2005;14,59668308;2016
675;Finland;Ajos 2-3;2;6;Dismantled;2008;617,8415592;2016
676;Finland;Ajos 4;1;3;Dismantled;2008;53,04014984;2016
677;Finland;Ajos 5;1;3;Dismantled;2007;627,5147217;2016
678;Finland;Ajos 6-7;2;6;Dismantled;2008;53,04014984;2016
679;Finland;Ajos 8-9-10-11;4;12;Dismantled;2008;53,04014984;2016
680;Finland;Ajos Repowering;8;26,4;Production;2017;787,9264653; 
681;Finland;Ajos Repowering;5;16;Production;2017;787,9264653; 
682;Finland;Halla;;1920;Planned;;33096,25476; 
683;Finland;Inkoo;60;300;Planned;;4411,254665; 
684;Finland;Jakobstad;;800;Planned;;32691,16669; 
685;Finland;Kemi Ajos III;;189;Planned;;1272,295508; 
686;Finland;Korsnäs - Forststyrelsen;;;Planned;;15298,49182; 
687;Finland;Laine;;1800;Planned;;31855,12917; 
688;Finland;Noatun;;3000;Planned;;4968,366282; 
689;Finland;Noatun Syd;;3000;Planned;;14040,41979; 
690;Finland;Norrskar;;1550;Planned;;37726,72135; 
691;Finland;Pori Offshore 1;1;2,3;Production;2010;918,3750599; 
692;Finland;Pori-Tahkoluoto Extension;;;Planned;;4409,467396; 
693;Finland;Pori-Tahkoluoto Pori 2;10;42;Production;2017;5511,385051; 
694;Finland;Raahe Maanahkiaisen;70;350;Planned;;8449,569077; 
695;Finland;Raahe Pertunmatala;24;72;Planned;;7455,991538; 
696;Finland;Stormskar;;1725;Planned;;19827,31079; 
697;Finland;Tyrsky;;1400;Planned;;13064,90044; 
698;Finland;Ulkonahkiainen;70;210;Planned;;17882,33654; 
699;Finland;Vaderskar;;375;Planned;;6360,625103; 
700;Finland;Voima;;1500;Planned;;32503,27472; 
701;Finland;Wellamo;;2000;Planned;;16579,77092; 
702;France;AFLOWT France;;6;Planned;;5500,835013; 
703;France;Eolink 20 MW Prototype;;20;Planned;;6414,32643; 
704;France;Eolink Commercial;;250;Planned;;6414,32643; 
705;France;Eolink Démonstrateur;;5;Approved;;10339,6517; 
706;France;Eolink GW Scale;;1000;Planned;;6414,32643; 
707;France;Eolink Prototype;1;0,2;Dismantled;2018;406,0453311;
708;France;FLOATGEN Demonstrator 1  IDEOL Gamesa;1;2;Production;2018;10604,74102; 
709;France;Golfe du Lion;3;30;Construction;;18817,98393; 
710;France;Ideol & Quadran Floating Project;;500;Planned;;27892,70008; 
711;France;Mistral;;10;Approved;;4899,105021; 
712;France;NextFloat;;6;Planned;;4796,078163; 
713;France;Provence Grand Large;3;25,2;Construction;;16766,3112; 
714;France;SEM-REV;;8;Production;2015;10400,68077; 
715;Germany;AquaPrimus;;28;Planned;;5263,970474; 
716;Germany;Atlantis I;;613;Planned;;86637,28072; 
717;Germany;Borkum Riffgrund II;20;166,6;Production;2018;41846,56335; 
718;Germany;Borkum Riffgrund II;36;298,8;Production;2018;41846,56335; 
719;Germany;Breitling;1;2,5;Production;2006;358,7922517; 
720;Germany;Emden Offshore;1;4,5;Production;2004;378,400967; 
721;Germany;Gode Wind III;;111;Construction;;35336,82485; 
722;Germany;Gode Wind III;;131,75;Construction;;35336,82485; 
723;Germany;Hooksiel;1;5;Dismantled;2008;758,4019571;2016
724;Germany;Kaskasi;38;342;Production;2022;35425,74303; 
725;Germany;Meerwind Ost;40;151,2;Production;2015;26124,92927; 
726;Germany;Meerwind Süd;40;151,2;Production;2015;26124,92927; 
727;Germany;Nordlicht I;;930;Planned;;81616,68855; 
728;Germany;North Sea Cluster Delta Nordsee 1&2;;210;Planned;;41713,65941; 
729;Germany;North Sea Cluster Gode Wind;;225;Planned;;37361,86839; 
730;Germany;North Sea Cluster Nordsee Two;;433;Planned;;43159,1357; 
731;Germany;Windanker;;300;Planned;;42328,25508; 
732;Greece;Aegean Islands;;;Planned;;31873,25497; 
733;Greece;Diapontia Wind phase Five;4;20;Planned;;910,6565296; 
734;Greece;Diapontia Wind phase Nine;6;30;Planned;;4909,969733; 
735;Greece;Diapontia Wind phase Seven;3;15;Planned;;4125,546608; 
736;Greece;Diapontia Wind phase Six;4;20;Planned;;1494,483331; 
737;Greece;Musica 1;;;Planned;;2751,752447; 
738;Greece;Musica 2;;;Planned;;4009,577221; 
739;Greece;Thrakiki Wind 1 Thrakiki Aioliki 1;;24;Planned;;1711,239098; 
740;Greece;Thrakiki Wind 1 Thrakiki Aioliki 2;;24;Planned;;1120,366528; 
741;Greece;Thrakiki Wind 1 Thrakiki Aioliki 3;;24;Planned;;1214,251514; 
742;Greece;Thrakiki Wind 1 Thrakiki Aioliki 4;;24;Planned;;1924,170218; 
743;Greece;Thrakiki Wind 1 Thrakiki Aioliki 5;;24;Planned;;2228,273086; 
744;Greece;Thrakiki Wind 1 Thrakiki Aioliki 6;;24;Planned;;3029,678313; 
745;Greece;Thrakiki Wind 1 Thrakiki Aioliki 7;;24;Planned;;1918,792909; 
746;Greece;Thrakiki Wind 1 Thrakiki Aioliki 8;;24;Planned;;2472,113007; 
747;Greece;Thrakiki Wind 1 Thrakiki Aioliki 9;;24;Planned;;2868,281717; 
748;Ireland;Aniar Offshore Array Phase 1;;500;Planned;;12758,76014; 
749;Ireland;Aniar Offshore Array Phase 2;;500;Planned;;19210,47663; 
750;Ireland;Arranmore Wind;;1000;Planned;;20102,22746; 
751;Ireland;Atlantic Marine Energy Test Site;;10;Test site;;10314,88811; 
752;Ireland;Banba Wind;;1000;Planned;;13553,62732; 
753;Ireland;Blackwater;;1500;Planned;;34688,58512; 
754;Ireland;Bore Array;;500;Planned;;16347,51243; 
755;Ireland;Celtic Horizon;;700;Planned;;14206,14707; 
756;Ireland;Celtic Offshore Renewable Energy;;1680;Planned;;67589,98255; 
757;Ireland;Celtic One;;800;Planned;;21928,75938; 
758;Ireland;Celtic Two;;800;Planned;;64429,09864; 
759;Ireland;Clarus;;1000;Planned;;27917,57028; 
760;Ireland;Cork Offshore Wind;;1000;Planned;;31014,59518; 
761;Ireland;Dublin;;2500;Planned;;9205,841808; 
762;Ireland;East Celtic;;900;Planned;;19662,61629; 
763;Ireland;Emerald - Commercial;;700;Planned;;41647,6605; 
764;Ireland;Emerald - Demonstration;;300;Planned;;41647,6605; 
765;Ireland;Greystones;;1000;Planned;;24171,78649; 
766;Ireland;Haven Offshore Array;;;Planned;;29137,58406; 
767;Ireland;Helvick Head;;800;Planned;;18322,47782; 
768;Ireland;Ilen Array;;1500;Planned;;8416,235749; 
769;Ireland;Inis Offshore Wind Kerry;;1000;Planned;;10083,52626; 
770;Ireland;Inis Offshore Wind Leinster;;500;Planned;;27481,82176; 
771;Ireland;Inis Offshore Wind Munster;;1000;Planned;;17174,93414; 
772;Ireland;Kinsale;;1000;Planned;;24161,79795; 
773;Ireland;Latitude 52;;1000;Planned;;19402,09475; 
774;Ireland;Lir Offshore Array;;2000;Planned;;13995,82862; 
775;Ireland;Loch Garman;;750;Planned;;7505,284528; 
776;Ireland;Mac Lir Offshore Wind;;1000;Planned;;26066,33044; 
777;Ireland;Malin Wind;;1000;Planned;;34479,73628; 
778;Ireland;Moneypoint Offshore One;;400;Planned;;20416,31856; 
779;Ireland;Moneypoint Offshore Two;;1100;Planned;;38973,07209; 
780;Ireland;Péarla Offshore Windfarm;;1000;Planned;;51821,38941; 
781;Ireland;Réalt na Mara;;1600;Planned;;11667,73528; 
782;Ireland;Rian Offshore Array Phase 1;;2500;Planned;;48923,54729; 
783;Ireland;Rian Offshore Array Phase 2;;;Planned;;51419,34088; 
784;Ireland;Sea Stacks;;800;Planned;;11416,60365; 
785;Ireland;Setanta;;1000;Planned;;19567,17986; 
786;Ireland;Shelmalere;;1000;Planned;;17654,75513; 
787;Ireland;SmartBay;;;Planned;;1424,280186; 
788;Ireland;SSE Renewables Celtic Sea;;800;Planned;;16514,85217; 
789;Ireland;Sunrise Wind (IE);;1330;Planned;;17107,54645; 
790;Ireland;Tralee;;2500;Planned;;2140,106879; 
791;Ireland;Tulca Offshore Array Phase 1;;1650;Planned;;18193,85327; 
792;Ireland;Tulca Offshore Array Phase 2;;2240;Planned;;19099,28738; 
793;Ireland;Urban Sea;;4000;Planned;;16354,16555; 
794;Ireland;Valentia Phase 1;;920;Planned;;19409,60345; 
795;Ireland;Valentia Phase 2;;620;Planned;;23496,50135; 
796;Ireland;Voyage Offshore Array;;2900;Planned;;67873,23568; 
797;Ireland;West Ireland;;2000;Planned;;52006,76065; 
798;Ireland;Western Star Floating Wind;;1350;Planned;;21255,37708; 
799;Ireland;Wexford;;2500;Planned;;60765,5433; 
800;Ireland;Wicklow;;500;Planned;;22755,11903; 
801;Italy;Abruzzo 1;;1760;Planned;;15738,35665; 
802;Italy;Agnes 1;;120;Planned;;33442,38329; 
803;Italy;Agnes 2;;400;Planned;;35486,6891; 
804;Italy;APENESTE Offshore;;915;Planned;;32573,84807; 
805;Italy;Bari;;600;Planned;;80280,02152; 
806;Italy;Barium Bay;;1100;Planned;;19715,01549; 
807;Italy;Barletta Offshore;;840;Planned;;29216,69684; 
808;Italy;Bluwind Brindisi;;840;Planned;;25755,40727; 
809;Italy;Bluwind Civitavecchia;;870;Planned;;27196,12495; 
810;Italy;Bluwind Pozzallo;;975;Planned;;32491,29526; 
811;Italy;BNW;;504;Planned;;35702,26082; 
812;Italy;Brenda Energia;;741;Planned;;22821,14139; 
813;Italy;BRN;;504;Planned;;25025,64988; 
814;Italy;Calabria;37;555;Planned;;25216,5215; 
815;Italy;Calypso;;600;Planned;;28887,34114; 
816;Italy;Centrale Eolica Offshore Brindisi;;108;Planned;;5596,065427; 
817;Italy;Civitavecchia A;;225;Planned;;22685,71805; 
818;Italy;Civitavecchia B;;375;Planned;;23916,43305; 
819;Italy;Del Toro 1;;293;Planned;;15370,4536; 
820;Italy;Del Toro 2;;293;Planned;;21813,08609; 
821;Italy;Elymo A;;858;Planned;;53301,98029; 
822;Italy;Elymo B;;435;Planned;;30026,42477; 
823;Italy;Fortevento;;585;Planned;;8350,591185; 
824;Italy;Golfo di Taranto;;1500;Planned;;9004,045827; 
825;Italy;Gulf of Gela;;384;Planned;;52516,10548; 
826;Italy;Gulf of Gela;;384;Planned;;52516,10548; 
827;Italy;HyMed;;3200;Planned;;26186,88164; 
828;Italy;Iron Solar;;525;Planned;;18609,38934; 
829;Italy;Kailia Energia;;1176;Planned;;3618,608129; 
830;Italy;Krimisa;;1100;Planned;;2180,515025; 
831;Italy;Lupiae Maris;;525;Planned;;18609,38934; 
832;Italy;Marche 1;;500;Planned;;11592,56203; 
833;Italy;Mazara del Vallo Offshore;;1110;Planned;;61559,83612; 
834;Italy;Medio Adriatico;;800;Planned;;10491,78483; 
835;Italy;MedWind;;2793;Planned;;53379,39877; 
836;Italy;Messapia;;1300;Planned;;25833,0483; 
837;Italy;Minervia Energia;;675;Planned;;17026,7404; 
838;Italy;MoDiCa;;510;Planned;;10693,75693; 
839;Italy;MoDiCa 2;;510;Planned;;15865,12128; 
840;Italy;Molise;;1800;Planned;;38517,32241; 
841;Italy;Monopoli;;600;Planned;;61588,38379; 
842;Italy;NEREUS Offshore;;2205;Planned;;33274,74452; 
843;Italy;Nora Energia 1;;795;Planned;;7329,507789; 
844;Italy;Nora Energia 2;;600;Planned;;13809,48218; 
845;Italy;Northwestern Tyrrhenian Sea;;1008;Planned;;49323,92702; 
846;Italy;Nurax;;462;Planned;;25406,04421; 
847;Italy;Odra Energia;;1350;Planned;;15724,14329; 
848;Italy;Ostro;;600;Planned;;5855,157376; 
849;Italy;Pozzallo Offshore;;800;Planned;;42634,09371; 
850;Italy;Puglia A;;1005;Planned;;9489,889017; 
851;Italy;Puglia B;;930;Planned;;6708,387967; 
852;Italy;Rimini;;330;Planned;;15825,35907; 
853;Italy;Sardegna;;480;Planned;;38609,67517; 
854;Italy;Sardegna 1;;550;Planned;;15460,48741; 
855;Italy;Sardegna 2;;825;Planned;;15901,06538; 
856;Italy;Sardinia Northeast - AvenHexicon;;2150;Planned;;32746,45011; 
857;Italy;Sardinia Northwest - AvenHexicon;;1350;Planned;;27874,84539; 
858;Italy;Seabass;;810;Planned;;21172,86981; 
859;Italy;Sicilia A;;1020;Planned;;48857,75475; 
860;Italy;Sicilia B;;1005;Planned;;48857,75475; 
861;Italy;Sicily;;504;Planned;;52663,39862; 
862;Italy;Sicily South - AvenHexicon;;1200;Planned;;24616,52451; 
863;Italy;Taranto Offshore;10;30;Production;2022;1422,356469; 
864;Italy;Thalassa;;525;Planned;;37188,42988; 
865;Italy;Tibula Energia;;975;Planned;;12021,75123; 
866;Italy;Veneto 1;;500;Planned;;21020,94931; 
867;Italy;Vieste;;1200;Planned;;24919,04805; 
868;Italy;Zefiro;168;2016;Planned;;1988,268461; 
869;Latvia;Baltic Wind Park Phase 1;;200;Planned;;17203,50386; 
870;Latvia;Baltic Wind Park Phase 2;;300;Planned;;17203,50386; 
871;Latvia;JK Energy;;900;Planned;;6683,840607; 
872;Lithuania;Lithuanian Tender 1;;700;Planned;;36262,42833; 
873;Lithuania;Lithuanian Tender 2;;700;Planned;;48868,5823; 
874;Netherlands;Borssele Site V;;19;Production;2020;35684,96769; 
875;Netherlands;Eneco Luchterduinen;43;129;Production;2015;23795,13894; 
876;Netherlands;Gemini;150;600;Production;2016;60905,85922; 
877;Netherlands;Hollandse Kust Noord Holland I - II;;759;Construction;;24155,10501; 
878;Netherlands;Hollandse Kust Zuid Holland I - II;70;770;Construction;;25894,52504; 
879;Netherlands;Hollandse Kust Zuid Holland III - IV;70;770;Construction;;25777,04183; 
880;Netherlands;Irene Vorrink I;19;11,4;Dismantled;1996;6875,12849;2022
881;Netherlands;Irene Vorrink II;9;5,4;Dismantled;1997;6875,12849;2022
882;Netherlands;Lely;4;2;Dismantled;1997;15813,80547;2016
883;Netherlands;Westermeerdijk buitendijks;48;144;Production;2016;6769,24356; 
884;Netherlands;Windpark Fryslân;89;382,7;Production;2021;4100,121942; 
885;Netherlands;Windplanblauw;24;132;Construction;;6714,939265; 
886;Norway;Bluewater - Metcentre;;15;Planned;;10442,38513; 
887;Norway;Draugen;;;Planned;;58897,11242; 
888;Norway;Flagship - Metcentre;;10;Approved;;9225,51976; 
889;Norway;Hywind Metcentre;1;2,3;Production;2009;8167,630057; 
890;Norway;Hywind Tampen;11;88;Production;2023;100489,0735; 
891;Norway;Marine Energy Test Centre Karmoy Fixed;2;10;Test site;2019;5360,022566; 
892;Norway;Marine Energy Test Centre Karmoy Floating;2;10;Test site;2019;5360,022566; 
893;Norway;SeaTwirl S2;1;1;Approved;;374,2737102; 
894;Norway;Sorlige Nordsjo II Phase 1;;1000;Planned;;176650,0102; 
895;Norway;TetraSpar Demonstrator;;3,6;Production;2021;9479,077309; 
896;Norway;TwinWay - Metcentre;;6;Planned;;9872,900814; 
897;Norway;WIN WIN prototype;;6;Planned;;1373,629067; 
898;Norway;Windcatcher;;75;Planned;;1267,844529; 
899;Poland;Baltex 2;;560;Planned;;49142,35112; 
900;Poland;Baltic Power;;1200;Planned;;28426,90698; 
901;Poland;Baltica 1;;900;Planned;;68610,91383; 
902;Poland;Baltica 2;;1498;Planned;;38842,06607; 
903;Poland;Baltica 3;;1045,5;Planned;;33058,53381; 
904;Poland;Baltyk I Phase 1;190;1140;Planned;;51081,33172; 
905;Poland;Baltyk I Phase 2;70;420;Planned;;57895,82734; 
906;Poland;Baltyk II;;720;Planned;;38794,62712; 
907;Poland;Baltyk III;;720;Planned;;26496,00776; 
908;Poland;B-Wind;;200;Planned;;25173,27464; 
909;Poland;C-Wind;;200;Planned;;27729,06227; 
910;Poland;FEW Baltic II;;350;Planned;;30662,33922; 
911;Poland;Licence Application No. 76;;14;Planned;;26149,80157; 
912;Portugal;Nortada;;2000;Planned;;17265,34408; 
913;Portugal;Offshore Island Porto Santo;;10;Planned;;4065,208957; 
914;Portugal;Viana do Castelo;;600;Planned;;14473,39584; 
915;Portugal;WavEC;;2;Planned;;10325,87023; 
916;Portugal;WindFloat Prototype;1;2;Dismantled;2012;6019,182706;2016
917;Romania;Black Sea 1;;500;Planned;;4083,551254; 
918;Romania;Black Sea 2;;1400;Planned;;4118,987119; 
919;Spain;Albaicin;;510;Planned;;6912,988645; 
920;Spain;Alisio Offshore;;49,9;Planned;;3959,873127; 
921;Spain;Alwind;;300;Planned;;4836,639196; 
922;Spain;Andamana;;240;Planned;;9573,47496; 
923;Spain;Archime 3;;1,5;Planned;;2138,234592; 
924;Spain;Atlantida;;300;Planned;;9433,525535; 
925;Spain;Bandama Offshore;;195;Planned;;2876,103465; 
926;Spain;Breogan;;510;Planned;;4756,971147; 
927;Spain;Cabildo;;49,9;Planned;;5149,766499; 
928;Spain;CanArray;;48;Planned;;5205,567661; 
929;Spain;CanArray II;;132;Planned;;6053,231409; 
930;Spain;Canary Island Test Area;;310;Test site;;20234,40281; 
931;Spain;Canawind 1;;250;Planned;;8533,283903; 
932;Spain;Canawind 2;;250;Planned;;8207,455265; 
933;Spain;Cardon;;50;Planned;;11214,22594; 
934;Spain;Catwind;;1200;Planned;;20256,4717; 
935;Spain;Celta I;;495;Planned;;30242,69439; 
936;Spain;Celta II;;510;Planned;;35102,80538; 
937;Spain;Colombino;;49,9;Planned;;4623,878751; 
938;Spain;Creus;;510;Planned;;18611,49727; 
939;Spain;DemoSATH;1;2;Production;2023;3765,704496; 
940;Spain;DUNAS;;50;Planned;;8376,031338; 
941;Spain;Elican;1;5;Production;2018;3211,174072; 
942;Spain;Floating Power Plant - PLOCAN;;8;Approved;;4643,189864; 
943;Spain;Flocan 5;5;25;Planned;;6224,221359; 
944;Spain;FLOTANT;;10;Planned;;54037,35598; 
945;Spain;FOWCA;;225;Planned;;9832,741347; 
946;Spain;Galwind;;1000;Planned;;7371,829206; 
947;Spain;Gamesa 5MW Test Turbine;1;4,5;Test site;2013;22,36593438; 
948;Spain;Gavina;;500;Planned;;16263,47388; 
949;Spain;GEROA;;45;Planned;;9344,529923; 
950;Spain;Gofio;;50;Planned;;6469,002336; 
951;Spain;Gran Canaria Este;;144;Planned;;8348,946905; 
952;Spain;Gran Canaria Offshore;;210;Planned;;14009,81806; 
953;Spain;Granadilla;;50;Planned;;1082,323589; 
954;Spain;Guanche;;50;Planned;;7332,08511; 
955;Spain;L’Emporda;;510;Planned;;18426,71379; 
956;Spain;Lanzarote Este;;50;Planned;;4146,672463; 
957;Spain;Mar de Agata;;300;Planned;;9514,412806; 
958;Spain;Marino Drago;;260;Planned;;8347,726317; 
959;Spain;Marino Maresia;;254;Planned;;9727,838334; 
960;Spain;Medfloat Pilot Parc;;50;Planned;;10028,18534; 
961;Spain;Mencey;;150;Planned;;6918,857716; 
962;Spain;Mojo;;50;Planned;;9653,714084; 
963;Spain;MPS demo - BiMEP;;2,5;Planned;;2730,413479; 
964;Spain;Multiplat 2;;10;Planned;;4643,189864; 
965;Spain;Musica 4;;;Planned;;4560,567976; 
966;Spain;Nao Victoria;;990;Planned;;7992,516706; 
967;Spain;Nautilus (ES);;2;Planned;;16461,40101; 
968;Spain;Nordes Phase 1;;525;Planned;;56960,28129; 
969;Spain;Nordes Phase 2;;675;Planned;;56960,28129; 
970;Spain;Ocean H2;;6;Planned;;37629,06633; 
971;Spain;Pejeverde;;225;Planned;;6000,550564; 
972;Spain;Pivot Buoy - PLOCAN;;0,22;Construction;;2796,178625; 
973;Spain;Plocan;5;50;Production;2017;3211,174072; 
974;Spain;PLOCAN hybrid floating;;2;Planned;;52946,79103; 
975;Spain;PLOCAN W2Power WIP10 Scale prototype;1;0,2;Dismantled;;2592,062956;
976;Spain;Sahariano;;49,9;Planned;;4137,384509; 
977;Spain;Salinas I;;49,9;Planned;;9791,659921; 
978;Spain;San Augustin I;;49,9;Planned;;9420,232152; 
979;Spain;San Borondón;;238;Planned;;5579,290492; 
980;Spain;San Brandan;;490;Planned;;21519,80191; 
981;Spain;San Cibrao;;490;Planned;;20072,03874; 
982;Spain;Talasa;;50;Planned;;7332,08511; 
983;Spain;Tarahal;;225;Planned;;12448,62749; 
984;Spain;Timanfaya;;50;Planned;;2739,011945; 
985;Spain;Tramuntana Phase 1;;450;Planned;;15165,27781; 
986;Spain;Tramuntana Phase 2;;600;Planned;;16706,10099; 
987;Spain;Ventus Offshore;;600;Planned;;6848,22643; 
988;Spain;Volanteiro;;510;Planned;;32564,32763; 
989;Sweden;Anemone;;;Planned;;16577,95363; 
990;Sweden;Arkona Vindkraftpark;;1200;Planned;;31342,54741; 
991;Sweden;Aurora Offshore;;5500;Planned;;1756,814155; 
992;Sweden;Baltic Offshore Alpha;;1960;Planned;;44955,82982; 
993;Sweden;Baltic Offshore Beta;;3340;Planned;;34618,5021; 
994;Sweden;Baltic Offshore Delta;;5000;Planned;;49176,07162; 
995;Sweden;Baltic Offshore Epsilon;;3000;Planned;;43588,70163; 
996;Sweden;Blekinge Offshore AB;;1000;Planned;;8193,530806; 
997;Sweden;Bockstigen Offshore;5;2,75;Production;1998;2355,566195; 
998;Sweden;Dyning;;2000;Planned;;42149,62178; 
999;Sweden;Erik Segersäll Part 1;;2000;Planned;;48768,25999; 
1000;Sweden;Erik Segersäll Part 2;;2000;Planned;;48768,25999; 
1001;Sweden;Erik Segersäll Part 3;;2000;Planned;;48768,25999; 
1002;Sweden;Eystrasalt;;4000;Planned;;70957,34128; 
1003;Sweden;Fyrskeppet;;2000;Planned;;63187,18728; 
1004;Sweden;Gotland;;1500;Planned;;21925,46733; 
1005;Sweden;Gretas Klackar;;;Planned;;13678,31724; 
1006;Sweden;Gretas Klackar II;;;Planned;;13678,31724; 
1007;Sweden;Heimdall;;2400;Planned;;29116,82604; 
1008;Sweden;Herkules I;;1000;Planned;;79295,74089; 
1009;Sweden;Herkules II;;1750;Planned;;63388,35454; 
1010;Sweden;Karehamn;16;48;Production;2013;5343,596212; 
1011;Sweden;Kriegers Flak II;128;640;Approved;;32450,02493; 
1012;Sweden;Kultje;;2150;Planned;;30270,073; 
1013;Sweden;Langgrund;;;Planned;;5268,066397; 
1014;Sweden;Langgrund II;;;Planned;;8452,403247; 
1015;Sweden;Lillgrund;15;34,5;Production;2007;7813,543454; 
1016;Sweden;Lillgrund;21;48,3;Production;2007;7813,543454; 
1017;Sweden;Lillgrund;12;27,6;Production;2007;7813,543454; 
1018;Sweden;Mareld;;2300;Planned;;41519,33699; 
1019;Sweden;Najaderna;;1000;Planned;;25022,45102; 
1020;Sweden;Neptune;;2000;Planned;;16560,90464; 
1021;Sweden;Njord;;;Planned;;1756,814155; 
1022;Sweden;Nogersund;1;0,22;Dismantled;1990;269,1342877;2008
1023;Sweden;Norra Klasgrunden;;;Planned;;2976,365199; 
1024;Sweden;Olof Skötkonung;;1750;Planned;;29905,95843; 
1025;Sweden;Polargrund;;1600;Planned;;18792,78371; 
1026;Sweden;Poseidon Nord;;800;Planned;;28341,56953; 
1027;Sweden;Poseidon Syd;;200;Planned;;23074,41712; 
1028;Sweden;SeaTwirl 3MW;1;3;Dismantled;2011;3153,881745;2019
1029;Sweden;Sjollengrundet;;300;Planned;;4773,589774; 
1030;Sweden;Skane;;1500;Planned;;34108,3702; 
1031;Sweden;Skidbladner;;2000;Planned;;38338,69639; 
1032;Sweden;Södra Klasgrunden;;;Planned;;3699,636009; 
1033;Sweden;Södra Victoria;;2000;Planned;;50066,5999; 
1034;Sweden;Stenkalles grund;;100;Approved;;108448,7926; 
1035;Sweden;Storgrundet;;1020;Approved;;9687,378715; 
1036;Sweden;Sydkustens Vind;;500;Planned;;10537,19487; 
1037;Sweden;Sylen;261;5000;Planned;;59167,41648; 
1038;Sweden;Triton;;;Planned;;20011,89629; 
1039;Sweden;Utgrunden I;7;10,5;Dismantled;2000;7765,087598;2018
1040;Sweden;Utposten II;;;Planned;;10856,71597; 
1041;Sweden;Vänern;7;21;Production;2009;113427,7349; 
1042;Sweden;Vänern;3;9;Production;2009;113427,7349; 
1043;Sweden;Västvind;;1000;Planned;;19395,20211; 
1044;Sweden;Vidar;;1400;Planned;;31072,16277; 
1045;Sweden;Yttre Stengrund 1;1;2;Dismantled;2001;3246,738742;2015
1046;Sweden;Yttre Stengrund 2-3-4;3;6;Dismantled;2001;3246,738742;2015
1047;Sweden;Yttre Stengrund 5;1;2;Dismantled;2001;3246,738742;2015
1048;United Kingdom;Aspen;;1500;Planned;;62514,20181; 
1049;United Kingdom;Avalon;;1500;Planned;;107727,6059; 
1050;United Kingdom;Beatrice Demonstration;2;10;Dismantled;2007;25483,24526;2016
1051;United Kingdom;Beech North;;1500;Planned;;143381,4843; 
1052;United Kingdom;Beech South;;1500;Planned;;211714,8314; 
1053;United Kingdom;Blyth Offshore;5;41,5;Production;2017;8416,184226; 
1054;United Kingdom;Blyth Offshore - 3A-4;10;58,4;Approved;;9522,396471; 
1055;United Kingdom;Celtic Deep Phase 1;;98;Planned;;24513,94506; 
1056;United Kingdom;Celtic Deep Phase 2;;300;Planned;;20474,56415; 
1057;United Kingdom;Cenos;;1500;Planned;;136577,1972; 
1058;United Kingdom;Central North Sea Electrification;;250;Planned;;228547,9255; 
1059;United Kingdom;Dogger Bank D;;1320;Planned;;221542,2435; 
1060;United Kingdom;Dolphyn (commercial);;300;Planned;;24726,4026; 
1061;United Kingdom;Dolphyn (full scale);;2000;Planned;;23149,11574; 
1062;United Kingdom;Dolphyn (precommercial);;10;Planned;;16774,37424; 
1063;United Kingdom;Draig Y Môr;;100;Planned;;11892,96284; 
1064;United Kingdom;Dylan;;300;Planned;;24726,4026; 
1065;United Kingdom;Dylan Extension;;1000;Planned;;76186,69301; 
1066;United Kingdom;EOWDC;9;75,6;Production;2018;3440,148274; 
1067;United Kingdom;EOWDC;2;17,6;Production;2018;3440,148274; 
1068;United Kingdom;Erebus (Commercial);;600;Planned;;41129,02832; 
1069;United Kingdom;Fife Energy Park;1;7;Production;2014;380,3292051; 
1070;United Kingdom;Forthwind Offshore Wind Demonstration Project - 1;2;12;Planned;;1994,279213; 
1071;United Kingdom;Forthwind Offshore Wind Demonstration Project - 2;7;53;Planned;;3147,548098; 
1072;United Kingdom;Greater Gabbard 1;80;288;Production;2012;44503,99322; 
1073;United Kingdom;Greater Gabbard 2;60;216;Production;2012;44503,99322; 
1074;United Kingdom;Greater Gabbard Extension;;504;Planned;;44503,99322; 
1075;United Kingdom;Green Volt;;480;Planned;;76972,36982; 
1076;United Kingdom;Gunfleet Sands 3 Demonstration;2;12;Production;2013;9315,445232; 
1077;United Kingdom;Gwynt Glas;;1000;Planned;;64339,14558; 
1078;United Kingdom;Hornsea Project One - Heron Wind;87;609;Production;2019;112580,2234; 
1079;United Kingdom;Hornsea Project Two - Breesea and Optimus Wind;165;1386;Production;2022;99070,46678; 
1080;United Kingdom;Kentish Flats 2;15;49,5;Production;2015;8722,301683; 
1081;United Kingdom;Kincardine Offshore Windfarm Part 1;1;2;Production;2021;16069,68369; 
1082;United Kingdom;Kincardine Offshore Windfarm Part 2;5;47,5;Production;2021;16418,74297; 
1083;United Kingdom;Llyr 1;;100;Planned;;41039,12644; 
1084;United Kingdom;Llyr 2;;100;Planned;;34555,94393; 
1085;United Kingdom;Llywelyn;;300;Planned;;74172,56346; 
1086;United Kingdom;Myrddin;;1000;Planned;;111617,4026; 
1087;United Kingdom;Neos;;25;Planned;;208004,4262; 
1088;United Kingdom;Nomadic Offshore Wind;;400;Planned;;10269,30577; 
1089;United Kingdom;Norfolk Vanguard;;2100;Approved;;67436,61348; 
1090;United Kingdom;North Channel Wind 1;;300;Planned;;10570,33304; 
1091;United Kingdom;North Channel Wind 2;;100;Planned;;12367,91921; 
1092;United Kingdom;Olympic Wind (GB);;1300;Planned;;2638,989498; 
1093;United Kingdom;Orcadian Microgrid;;105;Planned;;94125,83688; 
1094;United Kingdom;Pembrokeshire Demonstration Zone;;180;Planned;;17523,23115; 
1095;United Kingdom;Pentland;;100;Approved;;9009,095726; 
1096;United Kingdom;Pentland;;100;Planned;;9009,095726; 
1097;United Kingdom;Petroc;;300;Planned;;53405,14859; 
1098;United Kingdom;Race Bank Extension;;573;Planned;;32695,29597; 
1099;United Kingdom;Robin Rigg;30;90;Production;2010;10475,48206; 
1100;United Kingdom;Robin Rigg;28;84;Production;2010;10475,48206; 
1101;United Kingdom;Salamander;;200;Planned;;43137,60052; 
1102;United Kingdom;Seagreen;114;1075;Production;2023;36888,66336; 
1103;United Kingdom;SENSEWind Demonstrator;;2;Planned;;2899,168242; 
1104;United Kingdom;Shearwater One;;3000;Planned;;24266,71724; 
1105;United Kingdom;Triton Knoll Wind Farm Part 1;30;285;Production;2022;40821,09308; 
1106;United Kingdom;Triton Knoll Wind Farm Part 2;30;285;Production;2022;40821,09308; 
1107;United Kingdom;Triton Knoll Wind Farm Part 3;30;285;Production;2022;40821,09308; 
1108;United Kingdom;Trivane Demonstrator;;1;Planned;;2287,98316; 
1109;United Kingdom;Valorous Erebus (precommercial);;300;Planned;;47318,6796; 
1110;United Kingdom;Walney Phase 1;51;183,6;Production;2011;26837,11095; 
1111;United Kingdom;Walney Phase 2;51;183,6;Production;2012;22145,10364; 
1112;United Kingdom;Walney Extension;47;329;Production;2018;29167,66707; 
1113;United Kingdom;Walney Extension;40;330;Production;2018;29167,66707; 
1114;United Kingdom;Whirlwind Offshore;;300;Planned;;144466,2003; 
1115;United Kingdom;Whitecross;;100;Planned;;31697,64223; 
1116;Estonia;Aker Offshore;;1000;Planned;;58552,75391; 
1117;Estonia;Saaremaa Roheenergia;;;Planned;;34021,57948; 
1118;Estonia;WestBlock;;2100;Planned;;37147,83772; 
1119;Estonia;WestBlock II;;2320;Planned;;16378,60543; 
1120;Finland;Navakka;;1500;Planned;;32683,58458; 
1121;Finland;Pooki;;2000;Planned;;11969,34737; 
1122;Finland;Vagskär;98;1960;Planned;;33035,5802; 
1123;France;Le Carnet;1;6;Dismantled;2012;5304,03498;2020
1124;Germany;N-11.1;;2000;Planned;;113943,1283; 
1125;Germany;N-12.1;;2000;Planned;;128428,8326; 
1126;Germany;N-12.2;;2000;Planned;;136412,1137; 
1127;Germany;O-2.2;;1000;Planned;;29135,51122; 
1128;Ireland;North Irish Sea Array 2;;300;Planned;;13286,99588; 
1129;Ireland;North Irish Sea Array 3;;250;Planned;;16386,22581; 
1130;Ireland;SSE Tarbert;;;Planned;;12236,54938; 
1131;Italy;Bluwind Manfredonia;;825;Planned;;41562,54238; 
1132;Italy;Dorada;108;1620;Planned;;9471,452536; 
1133;Italy;Euribia;;660;Planned;;40472,33562; 
1134;Italy;Gargano Sud;85;340;Planned;;16649,75409; 
1135;Italy;Hannibal;;250;Planned;;36131,27854; 
1136;Italy;Hope Group Manfredonia;;945;Planned;;54800,29771; 
1137;Italy;Ichnusa;42;504;Planned;;16188,385; 
1138;Italy;Ionio;28;420;Planned;;23296,56369; 
1139;Italy;Mazara del Vallo Offshore 2;;795;Planned;;52717,97597; 
1140;Italy;Mazara del Vallo Offshore 3;;810;Planned;;41945,30091; 
1141;Italy;MDV - Mazara del Vallo;;504;Planned;;52663,39862; 
1142;Italy;Nuovo Porto Pino;;705;Planned;;25062,27805; 
1143;Italy;Puglia 1;60;900;Planned;;39065,0932; 
1144;Italy;Ragusa Offshore;;945;Planned;;3472,920119; 
1145;Italy;Repower FOWT Scandale;;495;Planned;;66153,92079; 
1146;Italy;Repower FOWT Sicilia;;495;Planned;;66091,51578; 
1147;Italy;Romagna 3;;320;Planned;;51069,45614; 
1148;Italy;San Pietro Nord;;510;Planned;;27849,20567; 
1149;Italy;San Pietro Sud;;504;Planned;;10167,5753; 
1150;Italy;Santa Maria di Leuca;;675;Planned;;41216,70448; 
1151;Italy;Sardinia South 1;;1600;Planned;;37227,76915; 
1152;Italy;Sardinia South 2;;750;Planned;;36138,44531; 
1153;Italy;Scicli;;750;Planned;;34193,70151; 
1154;Italy;Seawind Mazara;;798;Planned;;40802,295; 
1155;Italy;Sicilia 495 MW;;495;Planned;;46335,65345; 
1156;Italy;Trinacria;56;840;Planned;;62031,71918; 
1157;Norway;GoliatVind;;75;Planned;;107132,5416; 
1158;Norway;Utsira Nord;;500;Planned;;26725,94109; 
1159;Norway;Utsira Nord;;500;Planned;;20316,07671; 
1160;Norway;Utsira Nord;;500;Planned;;24388,41443; 
1161;Portugal;Botafogo;;990;Planned;;49845,67715; 
1162;Portugal;Creoula;;1440;Planned;;25435,73895; 
1163;Spain;Juan Sebastian Elcano;;522;Planned;;32624,63076; 
1164;Spain;La Pinta;;990;Planned;;23628,20125; 
1165;Spain;SeaWorthy;;4,3;Planned;;4643,189864; 
1166;Spain;The Wheel;;6;Planned;;11896,67207; 
1167;Spain;Varuna;;300;Planned;;5296,369375; 
1168;Sweden;Baltic Central Offshore;;4000;Planned;;12705,8608; 
1169;Sweden;Baltic Edge;;1000;Planned;;6973,300354; 
1170;Sweden;Bores Krona;;3400;Planned;;18224,47329; 
1171;Sweden;Bothnia Offshore Kappa;;2740;Planned;;30482,30312; 
1172;Sweden;Bothnia Offshore Lambda;;1500;Planned;;43337,31804; 
1173;Sweden;Bothnia Offshore Omega;;1300;Planned;;53910,11867; 
1174;Sweden;Bothnia Offshore Sigma;;2740;Planned;;87925,83216; 
1175;Sweden;Cirrus;;2550;Planned;;21542,65563; 
1176;Sweden;Falkenberg Offshore;;282;Approved;;8635,904571; 
1177;Sweden;Gävle East;;5500;Planned;;23711,54885; 
1178;Sweden;Gävle West;;4000;Planned;;49019,63331; 
1179;Sweden;Hudiksvall;;1500;Planned;;31104,81877; 
1180;Sweden;Kapheira;;2000;Planned;;37914,60931; 
1181;Sweden;Lulea-Kalix I;;1200;Planned;;43484,74987; 
1182;Sweden;Lulea-Kalix II;;1800;Planned;;30164,49065; 
1183;Sweden;Neptunus;;;Planned;;34117,48427; 
1184;Sweden;Oland-Hoburg I;;600;Planned;;36646,38753; 
1185;Sweden;Oland-Hoburg II;;750;Planned;;82114,1615; 
1186;Sweden;Oland-Hoburg III;;750;Planned;;42454,71312; 
1187;Sweden;Oxelösund;;600;Planned;;12931,72604; 
1188;Sweden;Pleione;;;Planned;;35162,20146; 
1189;Sweden;Ran;;1800;Planned;;16852,64149; 
1190;Sweden;Simpevar;;800;Planned;;13720,64402; 
1191;Sweden;Skagerrak Offshore Gamma;;2740;Planned;;47595,15782; 
1192;Sweden;Slite;;600;Planned;;16852,64149; 
1193;Sweden;Sotenäs Offshore Park;;10;Planned;;2895,272704; 
1194;Sweden;Sundsvall;;1200;Planned;;20658,94687; 
1195;Sweden;Väktaren;;;Planned;;4731,680313; 
1196;United Kingdom;BP Alternative Energy Investments (INTOG);;50;Planned;;35184,31592; 
1197;United Kingdom;Cedar;;1008;Planned;;159286,2044; 
1198;United Kingdom;Culzean Floating Wind Pilot Project;;3;Planned;;221266,3143; 
1199;United Kingdom;Harbour Energy North (INTOG);;15;Planned;;45857,65865; 
1200;United Kingdom;Harbour Energy South (INTOG);;99,45;Planned;;64500,74174; 
1201;United Kingdom;Muir Mhor;;798;Planned;;73096,1972; 
1202;United Kingdom;Scaraben;;99,45;Planned;;64500,74174; 
1203;United Kingdom;Sealtainn;;500;Planned;;38768,98; 
1204;United Kingdom;SENSE Wind Pelastar Full-Scale Prototype;;15;Planned;;13953,97071; 
1205;United Kingdom;Sinclair;;99,45;Planned;;68323,64536; 
